sampleID	chr	pos	ref	mut	gene	strand	ref_cod	mut_cod	ref3_cod	mut3_cod	aachange	ntchange	codonsub	impact	pid
MQD0001d	NC_041754.1	95090953	G	A	TP53	-1	G	A	CGC	CAC	R175H	G524A	CGC>CAC	Missense	ENSMMUP00000024831
MQD0002d	NC_041754.1	95090877	T	C	TP53	-1	T	C	TAT	TGT	Y220C	A659G	TAT>TGT	Missense	ENSMMUP00000024831
MQD0003d	NC_041754.1	95090766	G	A	TP53	-1	G	A	CGG	CAG	R248Q	G743A	CGG>CAG	Missense	ENSMMUP00000024831
MQD0004d	NC_041754.1	95090690	C	T	TP53	-1	C	T	CGT	TGT	R273C	C817T	CGT>TGT	Missense	ENSMMUP00000024831
MQD0005d	NC_041754.1	95090688	G	A	TP53	-1	G	A	CGT	CAT	R273H	G818A	CGT>CAT	Missense	ENSMMUP00000024831
MQD0006d	NC_041754.1	95090655	G	A	TP53	-1	G	A	CGA	TGA	R282W	C844T	CGA>TGA	Missense	ENSMMUP00000024831
MQD0007d	NC_041754.1	95091000	C	T	TP53	-1	C	T	CAG	TAG	Q136*	C406T	CAG>TAG	Nonsense	ENSMMUP00000024831
MQD0008d	NC_041754.1	95092000	CA	C	TP53	-1	.	.	.	.	.	72-72-delfrshift	.	no-SNV	ENSMMUP00000024831
MQD0009d	NC_041754.1	95090400	A	G	TP53	-1	A	G	AAG	AGG	K382R	A1145G	AAG>AGG	Missense	ENSMMUP00000024831
MQD0010d	NC_041754.1	95090950	A	G	TP53	-1	A	G	CGC	CGT	R175=	C525T	CGC>CGT	Synonymous	ENSMMUP00000024831
